CONSOLIDATED STATEMENTS OF CASH FLOWS - USD ($),12 Months Ended,,
$ in Millions,,,
"Sep. 27, 2025","Sep. 28, 2024","Sep. 30, 2023",
Statement of Cash Flows [Abstract],,,
"Cash, cash equivalents, and restricted cash and cash equivalents, beginning balances","$29,943 ","$30,737 ","$24,977 "
Operating activities:,,,
Net income,"112,010","93,736","96,995"
Adjustments to reconcile net income to cash generated by operating activities:,,,
Depreciation and amortization,"11,698","11,445","11,519"
,,,
,,,
,,,
,,,
,,,
,,,
,,,
,,,
,,,
,,,
,,,
,,,
,,,
,,,
,,,
,,,
,,,
,,,
,,,
,,,
,,,
,,,
,,,
,,,
,,,
,,,
,,,
,,,